<?xml version="1.0" encoding="UTF-8"?>
<beans:beans xmlns="http://www.springframework.org/schema/mvc"
	xmlns:xsi="http://www.w3.org/2001/XMLSchema-instance" xmlns:beans="http://www.springframework.org/schema/beans"
	xmlns:context="http://www.springframework.org/schema/context" xmlns:tx="http://www.springframework.org/schema/tx"
	xsi:schemaLocation="http://www.springframework.org/schema/mvc http://www.springframework.org/schema/mvc/spring-mvc.xsd
		http://www.springframework.org/schema/beans http://www.springframework.org/schema/beans/spring-beans.xsd
		http://www.springframework.org/schema/tx http://www.springframework.org/schema/tx/spring-tx-4.0.xsd
		http://www.springframework.org/schema/context http://www.springframework.org/schema/context/spring-context.xsd">

	<!-- DispatcherServlet Context: defines this servlet's request-processing 
		infrastructure -->
	<!-- Enables the Spring MVC @Controller programming model -->
	<annotation-driven />
	<!-- Handles HTTP GET requests for /resources/** by efficiently serving 
		up static resources in the ${webappRoot}/resources directory -->
	<resources mapping="/resources/**" location="/resources/" />

	<!-- Resolves views selected for rendering by @Controllers to .jsp resources 
		in the /WEB-INF/views directory -->	
	<beans:bean
		class="org.springframework.web.servlet.view.InternalResourceViewResolver">
		<beans:property name="order" value="1" />
		<beans:property name="prefix" value="/WEB-INF/views/" />
		<beans:property name="suffix" value=".jsp" />
		
	</beans:bean>
	
	<context:component-scan base-package="in.swadda.rsj" />
	
	<!-- <context:property-placeholder location="classpath:resources/database.properties" 
		/> -->
	<beans:bean id="dataSource" class="org.apache.commons.dbcp.BasicDataSource"
		destroy-method="close">
		<beans:property name="driverClassName" value="com.mysql.jdbc.Driver" />
		<beans:property name="url" value="jdbc:mysql://localhost:3306/swadda" />
		<beans:property name="username" value="root" />
		<beans:property name="password" value="" />
	</beans:bean>
	<!-- Hibernate 4 SessionFactory Bean definition hibernate4AnnotatedSessionFactory -->
	<beans:bean id="sessionFactory"
		class="org.springframework.orm.hibernate4.LocalSessionFactoryBean">
		<beans:property name="dataSource" ref="dataSource" />
		<beans:property name="annotatedClasses">
			<beans:list>
				<!-- <beans:value>in.swadda.rsj.model.User</beans:value> <beans:value>in.swadda.rsj.model.Candidate</beans:value> 
					<beans:value>in.swadda.rsj.model.Location</beans:value> -->
				<beans:value>in.swadda.rsj.model.User</beans:value>
				<beans:value>in.swadda.rsj.model.Employer</beans:value>
				<beans:value>in.swadda.rsj.model.EmployerHrUser
				</beans:value>
				<beans:value>in.swadda.rsj.model.Skill</beans:value>
				<beans:value>in.swadda.rsj.model.Location</beans:value>
				<beans:value>in.swadda.rsj.model.Degree</beans:value>
				<beans:value>in.swadda.rsj.model.Field</beans:value>
				<beans:value>in.swadda.rsj.model.EmployerJob</beans:value>
				<beans:value>in.swadda.rsj.model.EmployerJobLoc
				</beans:value>
				<beans:value>in.swadda.rsj.model.Stream</beans:value>
				<beans:value>in.swadda.rsj.model.EmployerJobQualification
				</beans:value>
				<beans:value>in.swadda.rsj.model.EmployerJobSkill
				</beans:value>
				<beans:value>in.swadda.rsj.model.Candidate</beans:value>
				<beans:value>in.swadda.rsj.model.CandidateEmployer
				</beans:value>
				<beans:value>in.swadda.rsj.model.CandidateQualification
				</beans:value>
				<beans:value>in.swadda.rsj.model.CandidateSkills
				</beans:value>
				<beans:value>in.swadda.rsj.model.CandidateWorkExperience
				</beans:value>
				<beans:value>in.swadda.rsj.model.CandidateLocPref
				</beans:value>
				<beans:value>in.swadda.rsj.model.UserVerification
				</beans:value>

			</beans:list>
		</beans:property>
		<beans:property name="hibernateProperties">
			<beans:props>
				<beans:prop key="hibernate.dialect">org.hibernate.dialect.MySQLDialect
				</beans:prop>
				<beans:prop key="hibernate.show_sql">true</beans:prop>
				<beans:prop key="hibernate.hbm2ddl.auto">update</beans:prop>
			</beans:props>
		</beans:property>
	</beans:bean>
	<tx:annotation-driven transaction-manager="transactionManager" />

	<beans:bean id="transactionManager"
		class="org.springframework.orm.hibernate4.HibernateTransactionManager">
		<beans:property name="sessionFactory" ref="sessionFactory" />
	</beans:bean>
	
	<beans:bean id="mailSender" class="org.springframework.mail.javamail.JavaMailSenderImpl">
        <beans:property name="host" value="smtp.gmail.com" />
        <beans:property name="port" value="587" />
        <beans:property name="username" value="jadhavsangram17@gmail.com" />
        <beans:property name="password" value="snehal17589" />
        <beans:property name="javaMailProperties">
            <beans:props>
                <beans:prop key="mail.transport.protocol">smtp</beans:prop>
                <beans:prop key="mail.smtp.auth">true</beans:prop>
                <beans:prop key="mail.smtp.starttls.enable">true</beans:prop>
            </beans:props>
        </beans:property>
    </beans:bean>
</beans:beans>
